Coin,Category,VC Rankings,Team Transparency,Reddit,Twitter,Telegram,Github,Following Roadmap,Mkt Cap
Bitcoin BTC ,Ecosystem,10,Yes,4691168,5643889,5643889,Yes,Yes,3.98143E+11
Ethereum ETH ,Ecosystem,10,Yes,1544150,2992503,2992503,Yes,Yes,1.88994E+11
BNB BNB ,Ecosystem,10,Yes,879916,9866431,9866431,Yes,Yes,54287584361
XRP XRP ,Finance,10,Yes,354403,2592040,2592040,Yes,Yes,23493292898
Dogecoin DOGE ,Meme,10,Yes,2360316,3554849,3554849,Yes,Yes,15781463132
Cardano ADA ,Ecosystem,10,Yes,696927,849701,32809,Yes,Yes,14091353792
Solana SOL ,Ecosystem,10,Yes,40643,1377499,30985,Yes,Yes,11276531226
Polygon MATIC ,Ecosystem,10,Yes,0,1735278,68439,Yes,Yes,10382106196
Polkadot DOT ,Ecosystem,10,Yes,40643,1377499,30985,Yes,Yes,7901323804
Shiba Inu SHIB ,Meme,10,Yes,476894,3611103,78225,Yes,Yes,6973766279
TRON TRX ,Ecosystem,10,Yes,125241,1429312,78979,Yes,Yes,5764428197
OKB OKB ,CEX,10,Yes,0,2075333,2493,Yes,Yes,5471360415
Avalanche AVAX ,Ecosystem,10,Yes,41274,811882,41852,Yes,Yes,5425714468
Uniswap UNI ,DEX,10,Yes,63458,938149,0,Yes,Yes,5411068913
Litecoin LTC ,Ecosystem,10,Yes,356797,209927,0,Yes,Yes,5030593891
Cosmos Hub ATOM ,Ecosystem,10,Yes,74364,479829,20349,Yes,Yes,4175159280
Chainlink LINK ,Oracle,10,Yes,0,891545,32254,Yes,Yes,3969188316
LEO Token LEO ,CEX,10,Yes,10096,924660,17677,Yes,Yes,3901543481
Ethereum Classic ETC ,Ecosystem,10,Yes,65462,1860,6734,Yes,Yes,3437294553
Cronos CRO ,CEX,10,Yes,184094,2569710,112543,Yes,Yes,3029750342
Algorand ALGO ,Ecosystem,10,Yes,70301,312987,23406,Yes,Yes,2884145228
Monero XMR ,Privacy,10,Yes,275869,481445,0,Yes,Yes,2834663359
Kava KAVA ,Defi,9,Yes,2233,195528,21552,Yes,Yes,429803079
XDC Network XDC ,Finance,9,Yes,9434,92074,6718,Yes,Yes,427678889
Stacks STX ,Defi,9,Yes,0,137002,12119,Yes,Yes,422400322
Ethereum Name Service ENS ,NFT,9,Yes,0,222955,0,Yes,Yes,417902569
Celsius Network CEL ,Finance,9,Yes,47425,257834,16483,Yes,Yes,417846206
Casper Network CSPR ,Ecosystem,9,Yes,160,179306,38623,Yes,Yes,406101356
Loopring LRC ,Defi,9,Yes,104216,206169,7249,Yes,Yes,403291383
Decred DCR ,Privacy,9,Yes,12634,53902,2877,Yes,Yes,395425702
ImmutableX IMX ,P2E,9,Yes,20746,276040,18077,Yes,Yes,394984680
DeFiChain DFI ,Ecosystem,9,Yes,20862,74025,20401,Yes,Yes,393181484
1inch 1INCH ,DEX,9,Yes,8052,1107420,16082,Yes,Yes,391207768
Amp AMP ,Defi,9,Yes,45625,50626,3970,Yes,Yes,375699935
Convex Finance CVX ,Yield,9,Yes,0,47345,2467,Yes,Yes,364521945
Holo HOT ,Storage,9,Yes,26381,113161,10765,Yes,Yes,359660500
Celo CELO ,Ecosystem,9,Yes,0,419240,10399,Yes,Yes,359067863
Ravencoin RVN ,Ecosystem,9,Yes,64964,96678,12746,Yes,Yes,351140458
Nexus Mutual NXM ,Defi,9,Yes,0,412012,2532,Yes,Yes,350571675
NEM XEM ,Ecosystem,9,Yes,362846,0,0,Yes,Yes,348113489
Theta Fuel TFUEL ,Ecosystem,9,Yes,28826,263685,0,Yes,Yes,344028443
STEPN GMT ,P2E,9,Yes,48143,639432,165937,Yes,Yes,337778672
OKC OKT ,Ecosystem,8,Yes,0,204160,63305,Yes,Yes,333324228
Compound COMP ,Yield,8,Yes,0,238325,0,Yes,Yes,332528035
Waves WAVES ,Ecosystem,8,Yes,60711,241578,23782,Yes,Yes,331447184
Maiar DEX MEX ,DEX,8,Yes,1106,123421,22855,Yes,Yes,330525594
Sushi SUSHI ,DEX,8,Yes,0,232695,0,Yes,Yes,327406628
Oasis Network ROSE ,Ecosystem,8,Yes,0,239954,49976,Yes,Yes,320854842
IoTeX IOTX ,IOT,8,Yes,18120,230760,28054,Yes,Yes,316699174
Kusama KSM ,Ecosystem,8,Yes,0,256689,0,Yes,Yes,313853245
GMX GMX ,Defi,8,Yes,0,75542,9630,Yes,Yes,312481794
Gnosis GNO ,Defi,8,Yes,2618,120021,0,Yes,Yes,301718003
Mask Network MASK ,Privacy,8,Yes,1258,131885,11375,Yes,Yes,301123127
Qtum QTUM ,Ecosystem,8,Yes,17639,273361,0,Yes,Yes,294828164
Olympus OHM ,Defi,8,Yes,10617,148011,8404,Yes,Yes,291570888
Reserve Rights RSR ,Defi,8,Yes,0,109684,19016,Yes,Yes,280219985
SwissBorg CHSB ,Finance,8,Yes,11620,112164,5837,Yes,Yes,276088044
Serum SRM ,DEX,8,Yes,0,215533,10638,Yes,Yes,274322332
Gala GALA ,P2E,8,Yes,2384,397640,0,Yes,Yes,270283041
Convex CRV CVXCRV ,Yield,7,Yes,0,47345,2466,Yes,Yes,261849066
IOST IOST ,Ecosystem,7,Yes,53860,278516,13407,Yes,Yes,261624960
Optimism OP ,Ecosystem,7,Yes,0,309295,0,Yes,Yes,261040474
Render RNDR ,Metaverse,7,Yes,5740,63814,10257,Yes,Yes,258574750
Kadena KDA ,Ecosystem,7,Yes,15214,272706,19758,Yes,Yes,257246794
Livepeer LPT ,Ecosystem,7,Yes,2639,35406,5222,Yes,Yes,253768883
JUST JST ,Ecosystem,7,Yes,0,58068,11638,Yes,Yes,249291341
yearn.finance YFI ,Yield,7,Yes,8839,197367,10863,Yes,Yes,247923426
dYdX DYDX ,DEX,7,Yes,3234,167394,0,Yes,Yes,247542878
Polymath POLY ,Finance,7,Yes,8635,66548,9561,Yes,Yes,238763376
Ankr ANKR ,Ecosystem,7,Yes,0,205828,14641,Yes,Yes,237764696
Bone ShibaSwap BONE ,Meme,7,Yes,0,3611409,132896,Yes,Yes,237735105
Harmony ONE ,Ecosystem,7,Yes,53179,410668,31586,Yes,Yes,237377741
OMG Network OMG ,Ecosystem,7,Yes,6407,7998,2608,Yes,Yes,231198815
Escoin ELG ,CEX,7,Yes,0,7143,4343,Yes,Yes,228752259
LINK LN ,CEX,7,Yes,0,5504,0,Yes,Yes,226304223
Baby Doge Coin BABYDOGE ,Meme,7,Yes,0,1717580,210341,Yes,Yes,222063181
Tenset 10SET ,Launchpad,7,Yes,0,107549,17054,Yes,Yes,220454250
0x ZRX ,Defi,7,Yes,21020,266088,1439,Yes,Yes,215613504
Moonbeam GLMR ,Ecosystem,6,Yes,11512,282491,32563,Yes,Yes,213371842
Dogelon Mars ELON ,Meme,6,Yes,47501,506940,65538,Yes,Yes,211393299
Merit Circle MC ,P2E,6,Yes,0,104149,9119,Yes,Yes,208941575
WOO Network WOO ,CEX,6,Yes,0,136578,10430,Yes,Yes,204159575
ICON ICX ,Ecosystem,6,Yes,0,197464,8447,Yes,Yes,201979291
Audius AUDIO ,NFT,6,Yes,10261,143613,0,Yes,Yes,201127265
VVS Finance VVS ,Ecosystem,6,Yes,0,98333,27081,Yes,Yes,196773198
Ontology ONT ,Ecosystem,6,Yes,21204,235823,30597,Yes,Yes,196142020
Flux FLUX ,Ecosystem,6,Yes,9985,123589,1013,Yes,Yes,194322467
Aleph Zero AZERO ,Ecosystem,6,Yes,0,109605,11089,Yes,Yes,193296444
Injective INJ ,Defi,6,Yes,4871,142091,14796,Yes,Yes,190915675
WAX WAXP ,P2E,6,Yes,8549,287767,12872,Yes,Yes,189266205
Bitgert BRISE ,Ecosystem,6,Yes,0,233056,70075,Yes,Yes,186121689
JUNO JUNO ,Ecosystem,6,Yes,4641,84940,2226,Yes,Yes,185628502
Energy Web EWT ,Ecosystem,6,Yes,0,65103,8483,Yes,Yes,184507933
Synapse SYN ,Ecosystem,6,Yes,0,53596,4881,Yes,Yes,181888337
Coinmetro XCM ,CEX,6,Yes,2350,24097,7427,Yes,Yes,180054881
Chia XCH ,Ecosystem,6,Yes,45637,96528,0,Yes,Yes,179952280
Hive HIVE ,Ecosystem,6,Yes,2279,34895,3979,Yes,Yes,178150934
Horizen ZEN ,Privacy,6,Yes,9391,139611,4961,Yes,Yes,176069456
Secret SCRT ,Privacy,5,Yes,0,191024,15759,Yes,Yes,170689934
CoinEx CET ,CEX,5,Yes,0,239829,5366,Yes,Yes,169717389
Constellation DAG ,Ecosystem,5,Yes,4376,67648,13388,Yes,Yes,169623449
Siacoin SC ,Storage,5,Yes,50663,144861,0,Yes,Yes,167315471
Astar ASTR ,Ecosystem,5,Yes,0,359513,28777,Yes,Yes,166379168
Magic Internet Money MIM ,Defi,5,Yes,0,121725,3599,Yes,Yes,163605782
APENFT NFT ,NFT,5,Yes,0,281473,0,Yes,Yes,163584851
Bitkub Coin KUB ,Ecosystem,5,Yes,0,11102,4566,Yes,Yes,161561391
DAO Maker DAO ,Launchpad,5,Yes,0,386964,39304,Yes,Yes,161334191
SXP SXP ,Finance,5,Yes,0,42409,15905,Yes,Yes,160261583
SKALE SKL ,Ecosystem,5,Yes,4423,105587,16165,Yes,Yes,157253301
Songbird SGB ,Ecosystem,5,Yes,0,224371,18857,Yes,Yes,149025114
iExec RLC RLC ,Oracle,4,No,8615,54707,3892,Yes,Yes,84939470
e-Radix EXRD ,Defi,4,No,8569,185060,19100,Yes,Yes,84589671
Request REQ ,Finance,4,No,31263,60393,0,Yes,Yes,83776061
Conflux CFX ,Ecosystem,4,No,2481,67417,17286,Yes,Yes,83415214
Pirate Chain ARRR ,Privacy,4,No,6080,19904,10069,Yes,Yes,82739430
Ultra UOS ,NFT,4,No,1499,86312,13192,Yes,Yes,80986172
AscendEx ASD ,CEX,4,No,0,217223,40248,Yes,Yes,80645005
FUN FUN ,Meme,4,No,587,31077,13538,Yes,Yes,80135853
Fidu FIDU ,Yield,4,No,69,50379,5067,Yes,Yes,78291867
Stratis STRAX ,Ecosystem,4,No,11133,156766,0,Yes,Yes,78023821
Shentu CTK ,Finance,4,No,0,7515,16537,Yes,Yes,77337993
Uquid Coin UQC ,Finance,4,No,0,23109,24920,Yes,Yes,76693831
KILT Protocol KILT ,Privacy,4,No,0,71579,10295,Yes,Yes,76690963
JOE JOE ,Yield,4,No,0,197013,1648,Yes,Yes,76344970
MaidSafeCoin EMAID ,Storage,4,No,2565,50309,1269,Yes,Yes,76302113
XYO Network XYO ,Metaverse,4,No,23070,47400,4866,Yes,Yes,75888335
Telos TLOS ,Ecosystem,3,No,20975,95916,23087,No,No,58584934
Aergo AERGO ,Ecosystem,3,No,0,27568,6054,No,No,58355060
Badger DAO BADGER ,Yield,3,No,0,45026,4905,No,No,58024156
Alchemy Pay ACH ,Finance,3,No,0,147665,27262,No,No,57519641
Everdome DOME ,P2E,3,No,0,157583,27730,No,No,57302528
Sun Token SUN ,DEX,3,No,0,65500,34143,No,No,57173637
World Mobile Token WMT ,P2E,3,No,7410,38963,9532,No,No,57060851
Metadium META ,Privacy,3,No,0,12466,6644,No,No,56968755
Alpha Venture DAO ALPHA ,Yield,3,No,0,110872,7920,No,No,56706643
Regen REGEN ,NFT,3,No,0,19647,599,No,No,56650084
Adshares ADS ,Metaverse,3,No,445,28865,21090,No,No,56079511
Efforce WOZX ,Finance,3,No,0,29060,5213,No,No,55862522
cVault.finance CORE ,Finance,3,No,0,8307,3823,No,No,55727816
IQ IQ ,NFT,3,No,3860,123381,4768,No,No,55153929
UFO Gaming UFO ,P2E,3,No,0,146919,23069,No,No,54865477
DUSK Network DUSK ,Privacy,2,No,14402,43970,8962,No,No,54345263
BoringDAO [OLD] BOR ,Defi,2,No,0,25378,3345,No,No,54184978
Beta Finance BETA ,Finance,2,No,0,54044,8240,No,No,54046137
Dawn Protocol DAWN ,Sports,2,No,0,7568,1366,No,No,53193681
Verge XVG ,Privacy,2,No,55125,329256,0,No,No,53126240
CUBE ITAMCUBE ,NFT,2,No,0,62867,22567,No,No,52990400
Augur REP ,Defi,2,No,12063,158440,0,No,No,52672968
Electroneum ETN ,Finance,2,No,28568,135362,20431,No,No,52632747
DFI.money YFII ,Yield,2,No,0,21312,8599,No,No,52617430
Strike STRK ,Yield,2,No,0,14465,6209,No,No,52615575
EverGrow Coin EGC ,NFT,2,No,22043,58742,17296,No,No,52183330
bZx Protocol BZRX ,Defi,2,No,0,1232,4229,No,No,52023816
Step App FITFI ,P2E,2,No,0,218666,72471,No,No,51917773
Saitama SAITAMA ,Defi,2,No,0,401099,38947,No,No,51828447
Dejitaru Tsuka TSUKA ,Defi,2,No,0,9720,5119,No,No,51792216
Xido Finance XIDO ,Finance,2,No,0,5586,6389,No,No,51424738
Hifi Finance MFT ,Finance,2,No,401,38252,4278,No,No,50579011
Santos FC Fan Token SANTOS ,Sports,2,No,0,3058376,0,No,No,50476846
Dola DOLA ,Finance,2,No,0,23413,3930,No,No,50302585
Phoenix Global [OLD] PHB ,Finance,2,No,559,26390,12836,No,No,50271405
Koda Cryptocurrency KODA ,Finance,2,No,0,23694,4716,No,No,50208210
Covalent CQT ,Ecosystem,2,No,1733,52143,10209,No,No,49984874
XMON XMON ,P2E,2,No,0,31972,2215,No,No,49961916
Kishu Inu KISHU ,Meme,2,No,25582,470376,66505,No,No,49611951
RSK Infrastructure Framework RIF ,DEX,1,No,3653,68256,2658,No,No,49258969
MAI MIMATIC ,DEX,1,No,0,7065,2088,No,No,49098407
holoride RIDE ,P2E,1,No,0,82868,16052,No,No,49042299
BarnBridge BOND ,DEX,1,No,0,32747,0,No,No,49019470
RAI Finance SOFI ,Finance,1,No,0,22493,18304,No,No,48992382
Nexus NXS ,Finance,1,No,4177,26988,2789,No,No,48923600
Rarible RARI ,NFT,1,No,0,424,16358,No,No,48829028
Divi DIVI ,NFT,1,No,7819,33586,4148,No,No,48614881
Kunci Coin KUNCI ,Finance,1,No,0,7885,17654,No,No,48519587
BakerySwap BAKE ,DEX,1,No,0,415266,50086,No,No,47777233
XCAD Network XCAD ,Finance,1,No,0,176173,25601,No,No,47674335
cBAT CBAT ,Defi,1,No,0,238325,0,No,No,47308818
Aavegotchi GHST ,DEX,1,No,0,96420,8069,No,No,47000206
Ferro FER ,DEX,1,No,0,6985,2455,No,No,46560492
Bounce AUCTION ,Defi,1,No,0,81937,12616,No,No,46445538
ThunderCore TT ,Ecosystem,1,No,686,213268,24612,No,No,46360993
Gods Unchained GODS ,P2E,1,No,24458,101970,0,No,No,45463775
Astrafer ASTRAFER ,P2E,1,No,0,107113,11274,No,No,45450938
Automata ATA ,Finance,1,No,0,165105,28491,No,No,45403501
Alpaca Finance ALPACA ,P2E,1,No,0,87230,12635,No,No,45284851
Marlin POND ,Ecosystem,1,No,946,36823,14404,No,No,45216645
Polkastarter POLS ,Launchpad,1,No,0,615877,76320,No,No,45215553
Flamingo Finance FLM ,Finance,1,No,1028,38936,1100,No,No,45124217
SafePal SFP ,Finance,1,No,0,512134,69844,No,No,44846520
Loom Network (OLD) LOOMOLD ,Finance,1,No,0,42585,6479,No,No,44788374
TrueFi TRU ,Defi,1,No,0,1178,2319,No,No,44057178
Ampleforth AMPL ,Finance,1,No,0,38117,7878,No,No,43685647
Aura Finance AURA ,Finance,1,No,0,10512,284,No,No,43540342
Axion AXN ,P2E,1,No,581,16276,4164,No,No,43431003
ZigZag ZZ ,P2E,1,No,0,65725,3618,No,No,43095925
Verasity VRA ,Metaverse,1,No,20393,271526,2248,No,No,42833828
MrWeb Finance [OLD] AMA ,Defi,1,No,20383,37969,37208,No,No,42806771
Keep3rV1 KP3R ,Defi,1,No,0,20471,0,No,No,42238684
Talken TALK ,NFT,1,No,0,27143,11688,No,No,42103119
Zignaly ZIG ,Defi,1,No,0,80569,38047,No,No,42062845
Bolide BLID ,Defi,1,No,0,25190,16617,No,No,41975697
Litentry LIT ,Defi,1,No,0,70713,8617,No,No,41950472
LTO Network LTO ,Defi,1,No,6153,25074,13825,No,No,41945209
COCOS BCX COCOS ,Finance,1,No,1553,193801,45411,No,No,41692910
MintMe.com Coin MINTME ,NFT,1,No,0,10438,7840,No,No,41387025
Travala.com AVA ,Finance,1,No,11209,170702,8123,No,No,41338620
Saito SAITO ,Defi,1,No,0,41584,10484,No,No,41205246
Globiance Exchange GBEX ,Defi,1,No,0,46344,5912,No,No,41190078
Vega Protocol VEGA ,Ecosystem,1,No,0,28037,5916,No,No,41177489
LCX LCX ,DEX,1,No,0,136734,12339,No,No,41143388
Ethernity Chain ERN ,Finance,1,No,0,127532,39370,No,No,41089518
Coinweb CWEB ,Finance,1,No,0,56437,18921,No,No,40757847
IDEX IDEX ,DEX,1,No,1965,82192,6006,No,No,40657134
Alchemix ALCX ,Defi,1,No,0,66339,0,No,No,40623791
DEI DEI ,Defi,1,No,0,16091,4543,No,No,40165983
Qredo QRDO ,Finance,1,No,0,74032,13372,No,No,40153491
Tellor TRB ,Finance,1,No,0,31983,0,No,No,39912733
Aura BAL AURABAL ,Finance,1,No,0,10512,284,No,No,39788315
Orion Protocol ORN ,Oracle,1,No,0,95927,13467,No,No,39782450
Lazio Fan Token LAZIO ,Sports,1,No,0,664742,0,No,No,39660885
Bit2Me B2M ,Defi,1,No,0,97401,39683,No,No,39616774
TomoChain TOMO ,Defi,1,No,2413,77413,9084,No,No,39604341
Doge Killer LEASH ,Meme,1,No,0,3612027,132899,No,No,39397261
Perpetual Protocol PERP ,Defi,1,No,0,66877,5230,No,No,39219730
Krypton DAO KRD ,Defi,1,No,0,10138,15416,No,No,39081936
SuperFarm SUPER ,DEX,1,No,0,244935,44408,No,No,38877877
Hunt HUNT ,P2E,1,No,7081,15272,1444,No,No,38825313
Klever KLV ,Finance,1,No,0,306938,46665,No,No,38560329
Neblio NEBL ,Finance,1,No,6315,58188,348,No,No,38554076
Aeternity AE ,Finance,1,No,7359,30393,3093,No,No,38356023
chrono.tech TIME ,Finance,1,No,3335,16948,2667,No,No,38303619
Unifi Protocol DAO UNFI ,Defi,1,No,0,32765,5149,No,No,38104399